#,Date-Time (HST),Ch: 1 - Temperature   (Â°C),Ch: 2 - Light   (lux),Button Down,Button Up,Host Connected,End of File
1,06/11/2022 21:00:00,27.24,0.00,,,,
2,06/11/2022 21:01:00,27.20,0.00,,,,
3,06/11/2022 21:02:00,27.20,0.00,,,,
4,06/11/2022 21:03:00,27.24,0.00,,,,
5,06/11/2022 21:04:00,27.24,0.00,,,,
6,06/11/2022 21:05:00,27.24,0.00,,,,
7,06/11/2022 21:06:00,27.20,0.00,,,,
8,06/11/2022 21:07:00,27.24,0.00,,,,
9,06/11/2022 21:08:00,27.20,0.00,,,,
10,06/11/2022 21:09:00,27.20,0.00,,,,
11,06/11/2022 21:10:00,27.20,0.00,,,,
12,06/11/2022 21:11:00,27.15,0.00,,,,
13,06/11/2022 21:12:00,27.20,0.00,,,,
14,06/11/2022 21:13:00,27.20,0.00,,,,
15,06/11/2022 21:14:00,27.15,0.00,,,,
16,06/11/2022 21:15:00,27.20,0.00,,,,
17,06/11/2022 21:16:00,27.20,0.00,,,,
18,06/11/2022 21:17:00,27.20,0.00,,,,
19,06/11/2022 21:18:00,27.20,0.00,,,,
20,06/11/2022 21:19:00,27.20,0.00,,,,
21,06/11/2022 21:20:00,27.15,0.00,,,,
22,06/11/2022 21:21:00,27.20,0.00,,,,
23,06/11/2022 21:22:00,27.20,0.00,,,,
24,06/11/2022 21:23:00,27.24,0.00,,,,
25,06/11/2022 21:24:00,27.20,0.00,,,,
26,06/11/2022 21:25:00,27.24,0.00,,,,
27,06/11/2022 21:26:00,27.15,0.00,,,,
28,06/11/2022 21:27:00,27.20,0.00,,,,
29,06/11/2022 21:28:00,27.20,0.00,,,,
30,06/11/2022 21:29:00,27.20,0.00,,,,
31,06/11/2022 21:30:00,27.20,0.00,,,,
32,06/11/2022 21:31:00,27.20,0.00,,,,
33,06/11/2022 21:32:00,27.24,0.00,,,,
34,06/11/2022 21:33:00,27.15,0.00,,,,
35,06/11/2022 21:34:00,27.15,0.00,,,,
36,06/11/2022 21:35:00,27.20,0.00,,,,
37,06/11/2022 21:36:00,27.15,0.00,,,,
38,06/11/2022 21:37:00,27.15,0.00,,,,
39,06/11/2022 21:38:00,27.15,0.00,,,,
40,06/11/2022 21:39:00,27.20,0.00,,,,
41,06/11/2022 21:40:00,27.15,0.00,,,,
42,06/11/2022 21:41:00,27.20,0.00,,,,
43,06/11/2022 21:42:00,27.20,0.00,,,,
44,06/11/2022 21:43:00,27.15,0.00,,,,
45,06/11/2022 21:44:00,27.15,0.00,,,,
46,06/11/2022 21:45:00,27.20,0.00,,,,
47,06/11/2022 21:46:00,27.20,0.00,,,,
48,06/11/2022 21:47:00,27.20,0.00,,,,
49,06/11/2022 21:48:00,27.20,0.00,,,,
50,06/11/2022 21:49:00,27.15,0.00,,,,
51,06/11/2022 21:50:00,27.15,0.00,,,,
52,06/11/2022 21:51:00,27.15,0.00,,,,
53,06/11/2022 21:52:00,27.20,0.00,,,,
54,06/11/2022 21:53:00,27.15,0.00,,,,
55,06/11/2022 21:54:00,27.15,0.00,,,,
56,06/11/2022 21:55:00,27.15,0.00,,,,
57,06/11/2022 21:56:00,27.15,0.00,,,,
58,06/11/2022 21:57:00,27.11,0.00,,,,
59,06/11/2022 21:58:00,27.15,0.00,,,,
60,06/11/2022 21:59:00,27.15,0.00,,,,
61,06/11/2022 22:00:00,27.20,0.00,,,,
62,06/11/2022 22:01:00,27.11,0.00,,,,
63,06/11/2022 22:02:00,27.15,0.00,,,,
64,06/11/2022 22:03:00,27.11,0.00,,,,
65,06/11/2022 22:04:00,27.11,0.00,,,,
66,06/11/2022 22:05:00,27.15,0.00,,,,
67,06/11/2022 22:06:00,27.15,0.00,,,,
68,06/11/2022 22:07:00,27.11,0.00,,,,
69,06/11/2022 22:08:00,27.11,0.00,,,,
70,06/11/2022 22:09:00,27.15,0.00,,,,
71,06/11/2022 22:10:00,27.11,0.00,,,,
72,06/11/2022 22:11:00,27.11,0.00,,,,
73,06/11/2022 22:12:00,27.11,0.00,,,,
74,06/11/2022 22:13:00,27.20,0.00,,,,
75,06/11/2022 22:14:00,27.11,0.00,,,,
76,06/11/2022 22:15:00,27.15,0.00,,,,
77,06/11/2022 22:16:00,27.15,0.00,,,,
78,06/11/2022 22:17:00,27.11,0.00,,,,
79,06/11/2022 22:18:00,27.11,0.00,,,,
80,06/11/2022 22:19:00,27.11,0.00,,,,
81,06/11/2022 22:20:00,27.11,0.00,,,,
82,06/11/2022 22:21:00,27.15,0.00,,,,
83,06/11/2022 22:22:00,27.11,0.00,,,,
84,06/11/2022 22:23:00,27.11,0.00,,,,
85,06/11/2022 22:24:00,27.15,0.00,,,,
86,06/11/2022 22:25:00,27.11,0.00,,,,
87,06/11/2022 22:26:00,27.11,0.00,,,,
88,06/11/2022 22:27:00,27.11,0.00,,,,
89,06/11/2022 22:28:00,27.11,0.00,,,,
90,06/11/2022 22:29:00,27.07,0.00,,,,
91,06/11/2022 22:30:00,27.11,0.00,,,,
92,06/11/2022 22:31:00,27.11,0.00,,,,
93,06/11/2022 22:32:00,27.11,0.00,,,,
94,06/11/2022 22:33:00,27.11,0.00,,,,
95,06/11/2022 22:34:00,27.11,0.00,,,,
96,06/11/2022 22:35:00,27.15,0.00,,,,
97,06/11/2022 22:36:00,27.11,0.00,,,,
98,06/11/2022 22:37:00,27.07,0.00,,,,
99,06/11/2022 22:38:00,27.11,0.00,,,,
100,06/11/2022 22:39:00,27.07,0.00,,,,
101,06/11/2022 22:40:00,27.07,0.00,,,,
102,06/11/2022 22:41:00,27.15,0.00,,,,
103,06/11/2022 22:42:00,27.07,0.00,,,,
104,06/11/2022 22:43:00,27.11,0.00,,,,
105,06/11/2022 22:44:00,27.07,0.00,,,,
106,06/11/2022 22:45:00,27.11,0.00,,,,
107,06/11/2022 22:46:00,27.07,0.00,,,,
108,06/11/2022 22:47:00,27.11,0.00,,,,
109,06/11/2022 22:48:00,27.11,0.00,,,,
110,06/11/2022 22:49:00,27.07,0.00,,,,
111,06/11/2022 22:50:00,27.07,0.00,,,,
112,06/11/2022 22:51:00,27.07,0.00,,,,
113,06/11/2022 22:52:00,27.07,0.00,,,,
114,06/11/2022 22:53:00,27.07,0.00,,,,
115,06/11/2022 22:54:00,27.07,0.00,,,,
116,06/11/2022 22:55:00,27.07,0.00,,,,
117,06/11/2022 22:56:00,27.07,0.00,,,,
118,06/11/2022 22:57:00,27.07,0.00,,,,
119,06/11/2022 22:58:00,27.11,0.00,,,,
120,06/11/2022 22:59:00,27.07,0.00,,,,
121,06/11/2022 23:00:00,27.11,0.00,,,,
122,06/11/2022 23:01:00,27.07,0.00,,,,
123,06/11/2022 23:02:00,27.07,0.00,,,,
124,06/11/2022 23:03:00,27.07,0.00,,,,
125,06/11/2022 23:04:00,27.07,0.00,,,,
126,06/11/2022 23:05:00,27.07,0.00,,,,
127,06/11/2022 23:06:00,27.02,0.00,,,,
128,06/11/2022 23:07:00,27.07,0.00,,,,
129,06/11/2022 23:08:00,27.02,0.00,,,,
130,06/11/2022 23:09:00,27.07,0.00,,,,
131,06/11/2022 23:10:00,27.02,0.00,,,,
132,06/11/2022 23:11:00,27.02,0.00,,,,
133,06/11/2022 23:12:00,27.07,0.00,,,,
134,06/11/2022 23:13:00,27.07,0.00,,,,
135,06/11/2022 23:14:00,27.07,0.00,,,,
136,06/11/2022 23:15:00,27.02,0.00,,,,
137,06/11/2022 23:16:00,27.07,0.00,,,,
138,06/11/2022 23:17:00,27.02,0.00,,,,
139,06/11/2022 23:18:00,27.07,0.00,,,,
140,06/11/2022 23:19:00,27.07,0.00,,,,
141,06/11/2022 23:20:00,27.07,0.00,,,,
142,06/11/2022 23:21:00,27.02,0.00,,,,
143,06/11/2022 23:22:00,27.02,0.00,,,,
144,06/11/2022 23:23:00,27.07,0.00,,,,
145,06/11/2022 23:24:00,27.07,0.00,,,,
146,06/11/2022 23:25:00,27.02,0.00,,,,
147,06/11/2022 23:26:00,27.02,0.00,,,,
148,06/11/2022 23:27:00,27.07,0.00,,,,
149,06/11/2022 23:28:00,27.02,0.00,,,,
150,06/11/2022 23:29:00,27.07,0.00,,,,
151,06/11/2022 23:30:00,27.07,0.00,,,,
152,06/11/2022 23:31:00,27.07,0.00,,,,
153,06/11/2022 23:32:00,27.07,0.00,,,,
154,06/11/2022 23:33:00,26.98,0.00,,,,
155,06/11/2022 23:34:00,27.02,0.00,,,,
156,06/11/2022 23:35:00,27.02,0.00,,,,
157,06/11/2022 23:36:00,27.07,0.00,,,,
158,06/11/2022 23:37:00,26.98,0.00,,,,
159,06/11/2022 23:38:00,27.07,0.00,,,,
160,06/11/2022 23:39:00,27.07,0.00,,,,
161,06/11/2022 23:40:00,27.07,0.00,,,,
162,06/11/2022 23:41:00,27.07,0.00,,,,
163,06/11/2022 23:42:00,27.07,0.00,,,,
164,06/11/2022 23:43:00,27.02,0.00,,,,
165,06/11/2022 23:44:00,27.02,0.00,,,,
166,06/11/2022 23:45:00,27.02,0.00,,,,
167,06/11/2022 23:46:00,27.02,0.00,,,,
168,06/11/2022 23:47:00,27.02,0.00,,,,
169,06/11/2022 23:48:00,27.02,0.00,,,,
170,06/11/2022 23:49:00,27.07,0.00,,,,
171,06/11/2022 23:50:00,27.02,0.00,,,,
172,06/11/2022 23:51:00,27.02,0.00,,,,
173,06/11/2022 23:52:00,27.02,0.00,,,,
174,06/11/2022 23:53:00,26.98,0.00,,,,
175,06/11/2022 23:54:00,27.02,0.00,,,,
176,06/11/2022 23:55:00,27.02,0.00,,,,
177,06/11/2022 23:56:00,27.07,0.00,,,,
178,06/11/2022 23:57:00,27.02,0.00,,,,
179,06/11/2022 23:58:00,27.02,0.00,,,,
180,06/11/2022 23:59:00,27.02,0.00,,,,
181,06/12/2022 00:00:00,27.02,0.00,,,,
182,06/12/2022 00:01:00,27.02,0.00,,,,
183,06/12/2022 00:02:00,27.02,0.00,,,,
184,06/12/2022 00:03:00,27.07,0.00,,,,
185,06/12/2022 00:04:00,27.02,0.00,,,,
186,06/12/2022 00:05:00,27.02,0.00,,,,
187,06/12/2022 00:06:00,27.02,0.00,,,,
188,06/12/2022 00:07:00,27.02,0.00,,,,
189,06/12/2022 00:08:00,27.07,0.00,,,,
190,06/12/2022 00:09:00,27.02,0.00,,,,
191,06/12/2022 00:10:00,26.98,0.00,,,,
192,06/12/2022 00:11:00,27.02,0.00,,,,
193,06/12/2022 00:12:00,27.02,0.00,,,,
194,06/12/2022 00:13:00,27.02,0.00,,,,
195,06/12/2022 00:14:00,27.02,0.00,,,,
196,06/12/2022 00:15:00,27.02,0.00,,,,
197,06/12/2022 00:16:00,27.02,0.00,,,,
198,06/12/2022 00:17:00,27.02,0.00,,,,
199,06/12/2022 00:18:00,27.02,0.00,,,,
200,06/12/2022 00:19:00,27.02,0.00,,,,
201,06/12/2022 00:20:00,27.02,0.00,,,,
202,06/12/2022 00:21:00,27.02,0.00,,,,
203,06/12/2022 00:22:00,27.02,0.00,,,,
204,06/12/2022 00:23:00,27.02,0.00,,,,
205,06/12/2022 00:24:00,27.02,0.00,,,,
206,06/12/2022 00:25:00,26.98,0.00,,,,
207,06/12/2022 00:26:00,26.98,0.00,,,,
208,06/12/2022 00:27:00,26.98,0.00,,,,
209,06/12/2022 00:28:00,27.07,0.00,,,,
210,06/12/2022 00:29:00,27.02,0.00,,,,
211,06/12/2022 00:30:00,27.02,0.00,,,,
212,06/12/2022 00:31:00,26.98,0.00,,,,
213,06/12/2022 00:32:00,27.02,0.00,,,,
214,06/12/2022 00:33:00,27.02,0.00,,,,
215,06/12/2022 00:34:00,27.02,0.00,,,,
216,06/12/2022 00:35:00,26.98,0.00,,,,
217,06/12/2022 00:36:00,27.02,0.00,,,,
218,06/12/2022 00:37:00,27.02,0.00,,,,
219,06/12/2022 00:38:00,26.98,0.00,,,,
220,06/12/2022 00:39:00,27.02,0.00,,,,
221,06/12/2022 00:40:00,27.02,0.00,,,,
222,06/12/2022 00:41:00,27.02,0.00,,,,
223,06/12/2022 00:42:00,27.02,0.00,,,,
224,06/12/2022 00:43:00,27.02,0.00,,,,
225,06/12/2022 00:44:00,27.02,0.00,,,,
226,06/12/2022 00:45:00,26.98,0.00,,,,
227,06/12/2022 00:46:00,26.98,0.00,,,,
228,06/12/2022 00:47:00,27.02,0.00,,,,
229,06/12/2022 00:48:00,26.98,0.00,,,,
230,06/12/2022 00:49:00,26.98,0.00,,,,
231,06/12/2022 00:50:00,26.98,0.00,,,,
232,06/12/2022 00:51:00,27.02,0.00,,,,
233,06/12/2022 00:52:00,26.98,0.00,,,,
234,06/12/2022 00:53:00,27.02,0.00,,,,
235,06/12/2022 00:54:00,26.94,0.00,,,,
236,06/12/2022 00:55:00,26.98,0.00,,,,
237,06/12/2022 00:56:00,26.98,0.00,,,,
238,06/12/2022 00:57:00,26.98,0.00,,,,
239,06/12/2022 00:58:00,27.02,0.00,,,,
240,06/12/2022 00:59:00,26.98,0.00,,,,
241,06/12/2022 01:00:00,26.98,0.00,,,,
242,06/12/2022 01:01:00,26.98,0.00,,,,
243,06/12/2022 01:02:00,27.02,0.00,,,,
244,06/12/2022 01:03:00,27.02,0.00,,,,
245,06/12/2022 01:04:00,26.94,0.00,,,,
246,06/12/2022 01:05:00,27.02,0.00,,,,
247,06/12/2022 01:06:00,26.98,0.00,,,,
248,06/12/2022 01:07:00,27.02,0.00,,,,
249,06/12/2022 01:08:00,27.02,0.00,,,,
250,06/12/2022 01:09:00,26.98,0.00,,,,
251,06/12/2022 01:10:00,26.98,0.00,,,,
252,06/12/2022 01:11:00,26.98,0.00,,,,
253,06/12/2022 01:12:00,26.98,0.00,,,,
254,06/12/2022 01:13:00,26.98,0.00,,,,
255,06/12/2022 01:14:00,26.98,0.00,,,,
256,06/12/2022 01:15:00,27.02,0.00,,,,
257,06/12/2022 01:16:00,26.98,0.00,,,,
258,06/12/2022 01:17:00,27.02,0.00,,,,
259,06/12/2022 01:18:00,26.98,0.00,,,,
260,06/12/2022 01:19:00,26.98,0.00,,,,
261,06/12/2022 01:20:00,26.98,0.00,,,,
262,06/12/2022 01:21:00,26.98,0.00,,,,
263,06/12/2022 01:22:00,26.98,0.00,,,,
264,06/12/2022 01:23:00,26.94,0.00,,,,
265,06/12/2022 01:24:00,26.98,0.00,,,,
266,06/12/2022 01:25:00,26.94,0.00,,,,
267,06/12/2022 01:26:00,26.98,0.00,,,,
268,06/12/2022 01:27:00,26.98,0.00,,,,
269,06/12/2022 01:28:00,26.94,0.00,,,,
270,06/12/2022 01:29:00,26.94,0.00,,,,
271,06/12/2022 01:30:00,26.98,0.00,,,,
272,06/12/2022 01:31:00,26.98,0.00,,,,
273,06/12/2022 01:32:00,26.94,0.00,,,,
274,06/12/2022 01:33:00,26.94,0.00,,,,
275,06/12/2022 01:34:00,26.94,0.00,,,,
276,06/12/2022 01:35:00,26.94,0.00,,,,
277,06/12/2022 01:36:00,26.94,0.00,,,,
278,06/12/2022 01:37:00,26.94,0.00,,,,
279,06/12/2022 01:38:00,26.94,0.00,,,,
280,06/12/2022 01:39:00,26.94,0.00,,,,
281,06/12/2022 01:40:00,26.98,0.00,,,,
282,06/12/2022 01:41:00,26.94,0.00,,,,
283,06/12/2022 01:42:00,26.94,0.00,,,,
284,06/12/2022 01:43:00,26.94,0.00,,,,
285,06/12/2022 01:44:00,26.98,0.00,,,,
286,06/12/2022 01:45:00,26.94,0.00,,,,
287,06/12/2022 01:46:00,26.98,0.00,,,,
288,06/12/2022 01:47:00,26.94,0.00,,,,
289,06/12/2022 01:48:00,26.94,0.00,,,,
290,06/12/2022 01:49:00,26.94,0.00,,,,
291,06/12/2022 01:50:00,26.98,0.00,,,,
292,06/12/2022 01:51:00,26.98,0.00,,,,
293,06/12/2022 01:52:00,26.94,0.00,,,,
294,06/12/2022 01:53:00,26.94,0.00,,,,
295,06/12/2022 01:54:00,26.98,0.00,,,,
296,06/12/2022 01:55:00,26.94,0.00,,,,
297,06/12/2022 01:56:00,26.94,0.00,,,,
298,06/12/2022 01:57:00,26.94,0.00,,,,
299,06/12/2022 01:58:00,26.94,0.00,,,,
300,06/12/2022 01:59:00,26.98,0.00,,,,
301,06/12/2022 02:00:00,26.94,0.00,,,,
302,06/12/2022 02:01:00,26.94,0.00,,,,
303,06/12/2022 02:02:00,26.98,0.00,,,,
304,06/12/2022 02:03:00,26.94,0.00,,,,
305,06/12/2022 02:04:00,26.90,0.00,,,,
306,06/12/2022 02:05:00,26.98,0.00,,,,
307,06/12/2022 02:06:00,26.94,0.00,,,,
308,06/12/2022 02:07:00,26.94,0.00,,,,
309,06/12/2022 02:08:00,26.98,0.00,,,,
310,06/12/2022 02:09:00,26.94,0.00,,,,
311,06/12/2022 02:10:00,26.94,0.00,,,,
312,06/12/2022 02:11:00,26.98,0.00,,,,
313,06/12/2022 02:12:00,26.94,0.00,,,,
314,06/12/2022 02:13:00,26.94,0.00,,,,
315,06/12/2022 02:14:00,26.94,0.00,,,,
316,06/12/2022 02:15:00,26.94,0.00,,,,
317,06/12/2022 02:16:00,26.94,0.00,,,,
318,06/12/2022 02:17:00,26.94,0.00,,,,
319,06/12/2022 02:18:00,26.98,0.00,,,,
320,06/12/2022 02:19:00,26.98,0.00,,,,
321,06/12/2022 02:20:00,26.94,0.00,,,,
322,06/12/2022 02:21:00,26.94,0.00,,,,
323,06/12/2022 02:22:00,26.94,0.00,,,,
324,06/12/2022 02:23:00,26.94,0.00,,,,
325,06/12/2022 02:24:00,26.94,0.00,,,,
326,06/12/2022 02:25:00,26.90,0.00,,,,
327,06/12/2022 02:26:00,26.90,0.00,,,,
328,06/12/2022 02:27:00,26.94,0.00,,,,
329,06/12/2022 02:28:00,26.94,0.00,,,,
330,06/12/2022 02:29:00,26.94,0.00,,,,
331,06/12/2022 02:30:00,26.90,0.00,,,,
332,06/12/2022 02:31:00,26.94,0.00,,,,
333,06/12/2022 02:32:00,26.94,0.00,,,,
334,06/12/2022 02:33:00,26.90,0.00,,,,
335,06/12/2022 02:34:00,26.94,0.00,,,,
336,06/12/2022 02:35:00,26.94,0.00,,,,
337,06/12/2022 02:36:00,26.85,0.00,,,,
338,06/12/2022 02:37:00,26.90,0.00,,,,
339,06/12/2022 02:38:00,26.90,0.00,,,,
340,06/12/2022 02:39:00,26.90,0.00,,,,
341,06/12/2022 02:40:00,26.90,0.00,,,,
342,06/12/2022 02:41:00,26.90,0.00,,,,
343,06/12/2022 02:42:00,26.85,0.00,,,,
344,06/12/2022 02:43:00,26.90,0.00,,,,
345,06/12/2022 02:44:00,26.90,0.00,,,,
346,06/12/2022 02:45:00,26.94,0.00,,,,
347,06/12/2022 02:46:00,26.90,0.00,,,,
348,06/12/2022 02:47:00,26.90,0.00,,,,
349,06/12/2022 02:48:00,26.90,0.00,,,,
350,06/12/2022 02:49:00,26.85,0.00,,,,
351,06/12/2022 02:50:00,26.85,0.00,,,,
352,06/12/2022 02:51:00,26.90,0.00,,,,
353,06/12/2022 02:52:00,26.85,0.00,,,,
354,06/12/2022 02:53:00,26.85,0.00,,,,
355,06/12/2022 02:54:00,26.85,0.00,,,,
356,06/12/2022 02:55:00,26.94,0.00,,,,
357,06/12/2022 02:56:00,26.90,0.00,,,,
358,06/12/2022 02:57:00,26.90,0.00,,,,
359,06/12/2022 02:58:00,26.94,0.00,,,,
360,06/12/2022 02:59:00,26.90,0.00,,,,
361,06/12/2022 03:00:00,26.85,0.00,,,,
362,06/12/2022 03:01:00,26.85,0.00,,,,
363,06/12/2022 03:02:00,26.90,0.00,,,,
364,06/12/2022 03:03:00,26.90,0.00,,,,
365,06/12/2022 03:04:00,26.90,0.00,,,,
366,06/12/2022 03:05:00,26.85,0.00,,,,
367,06/12/2022 03:06:00,26.90,0.00,,,,
368,06/12/2022 03:07:00,26.85,0.00,,,,
369,06/12/2022 03:08:00,26.90,0.00,,,,
370,06/12/2022 03:09:00,26.90,0.00,,,,
371,06/12/2022 03:10:00,26.90,0.00,,,,
372,06/12/2022 03:11:00,26.85,0.00,,,,
373,06/12/2022 03:12:00,26.85,0.00,,,,
374,06/12/2022 03:13:00,26.85,0.00,,,,
375,06/12/2022 03:14:00,26.90,0.00,,,,
376,06/12/2022 03:15:00,26.85,0.00,,,,
377,06/12/2022 03:16:00,26.85,0.00,,,,
378,06/12/2022 03:17:00,26.90,0.00,,,,
379,06/12/2022 03:18:00,26.85,0.00,,,,
380,06/12/2022 03:19:00,26.85,0.00,,,,
381,06/12/2022 03:20:00,26.85,0.00,,,,
382,06/12/2022 03:21:00,26.90,0.00,,,,
383,06/12/2022 03:22:00,26.85,0.00,,,,
384,06/12/2022 03:23:00,26.90,0.00,,,,
385,06/12/2022 03:24:00,26.90,0.00,,,,
386,06/12/2022 03:25:00,26.85,0.00,,,,
387,06/12/2022 03:26:00,26.90,0.00,,,,
388,06/12/2022 03:27:00,26.90,0.00,,,,
389,06/12/2022 03:28:00,26.94,0.00,,,,
390,06/12/2022 03:29:00,26.90,0.00,,,,
391,06/12/2022 03:30:00,26.94,0.00,,,,
392,06/12/2022 03:31:00,26.90,0.00,,,,
393,06/12/2022 03:32:00,26.90,0.00,,,,
394,06/12/2022 03:33:00,26.85,0.00,,,,
395,06/12/2022 03:34:00,26.90,0.00,,,,
396,06/12/2022 03:35:00,26.90,0.00,,,,
397,06/12/2022 03:36:00,26.90,0.00,,,,
398,06/12/2022 03:37:00,26.90,0.00,,,,
399,06/12/2022 03:38:00,26.85,0.00,,,,
400,06/12/2022 03:39:00,26.94,0.00,,,,
401,06/12/2022 03:40:00,26.90,0.00,,,,
402,06/12/2022 03:41:00,26.90,0.00,,,,
403,06/12/2022 03:42:00,26.90,0.00,,,,
404,06/12/2022 03:43:00,26.90,0.00,,,,
405,06/12/2022 03:44:00,26.90,0.00,,,,
406,06/12/2022 03:45:00,26.90,0.00,,,,
407,06/12/2022 03:46:00,26.90,0.00,,,,
408,06/12/2022 03:47:00,26.90,0.00,,,,
409,06/12/2022 03:48:00,26.90,0.00,,,,
410,06/12/2022 03:49:00,26.90,0.00,,,,
411,06/12/2022 03:50:00,26.90,0.00,,,,
412,06/12/2022 03:51:00,26.85,0.00,,,,
413,06/12/2022 03:52:00,26.90,0.00,,,,
414,06/12/2022 03:53:00,26.90,0.00,,,,
415,06/12/2022 03:54:00,26.85,0.00,,,,
416,06/12/2022 03:55:00,26.85,0.00,,,,
417,06/12/2022 03:56:00,26.90,0.00,,,,
418,06/12/2022 03:57:00,26.85,0.00,,,,
419,06/12/2022 03:58:00,26.85,0.00,,,,
420,06/12/2022 03:59:00,26.85,0.00,,,,
421,06/12/2022 04:00:00,26.85,0.00,,,,
422,06/12/2022 04:01:00,26.85,0.00,,,,
423,06/12/2022 04:02:00,26.85,0.00,,,,
424,06/12/2022 04:03:00,26.85,0.00,,,,
425,06/12/2022 04:04:00,26.85,0.00,,,,
426,06/12/2022 04:05:00,26.85,0.00,,,,
427,06/12/2022 04:06:00,26.85,0.00,,,,
428,06/12/2022 04:07:00,26.85,0.00,,,,
429,06/12/2022 04:08:00,26.85,0.00,,,,
430,06/12/2022 04:09:00,26.90,0.00,,,,
431,06/12/2022 04:10:00,26.85,0.00,,,,
432,06/12/2022 04:11:00,26.85,0.00,,,,
433,06/12/2022 04:12:00,26.85,0.00,,,,
434,06/12/2022 04:13:00,26.90,0.00,,,,
435,06/12/2022 04:14:00,26.85,0.00,,,,
436,06/12/2022 04:15:00,26.85,0.00,,,,
437,06/12/2022 04:16:00,26.81,0.00,,,,
438,06/12/2022 04:17:00,26.85,0.00,,,,
439,06/12/2022 04:18:00,26.90,0.00,,,,
440,06/12/2022 04:19:00,26.85,0.00,,,,
441,06/12/2022 04:20:00,26.85,0.00,,,,
442,06/12/2022 04:21:00,26.85,0.00,,,,
443,06/12/2022 04:22:00,26.85,0.00,,,,
444,06/12/2022 04:23:00,26.85,0.00,,,,
445,06/12/2022 04:24:00,26.85,0.00,,,,
446,06/12/2022 04:25:00,26.85,0.00,,,,
447,06/12/2022 04:26:00,26.85,0.00,,,,
448,06/12/2022 04:27:00,26.85,0.00,,,,
449,06/12/2022 04:28:00,26.85,0.00,,,,
450,06/12/2022 04:29:00,26.85,0.00,,,,
451,06/12/2022 04:30:00,26.90,0.00,,,,
452,06/12/2022 04:31:00,26.85,0.00,,,,
453,06/12/2022 04:32:00,26.85,0.00,,,,
454,06/12/2022 04:33:00,26.85,0.00,,,,
455,06/12/2022 04:34:00,26.85,0.00,,,,
456,06/12/2022 04:35:00,26.90,0.00,,,,
457,06/12/2022 04:36:00,26.90,0.00,,,,
458,06/12/2022 04:37:00,26.90,0.00,,,,
459,06/12/2022 04:38:00,26.85,0.00,,,,
460,06/12/2022 04:39:00,26.90,0.00,,,,
461,06/12/2022 04:40:00,26.85,0.00,,,,
462,06/12/2022 04:41:00,26.85,0.00,,,,
463,06/12/2022 04:42:00,26.90,0.00,,,,
464,06/12/2022 04:43:00,26.85,0.00,,,,
465,06/12/2022 04:44:00,26.85,0.00,,,,
466,06/12/2022 04:45:00,26.90,0.00,,,,
467,06/12/2022 04:46:00,26.85,0.00,,,,
468,06/12/2022 04:47:00,26.85,0.00,,,,
469,06/12/2022 04:48:00,26.85,0.00,,,,
470,06/12/2022 04:49:00,26.85,0.00,,,,
471,06/12/2022 04:50:00,26.85,0.00,,,,
472,06/12/2022 04:51:00,26.85,0.00,,,,
473,06/12/2022 04:52:00,26.85,0.00,,,,
474,06/12/2022 04:53:00,26.85,0.00,,,,
475,06/12/2022 04:54:00,26.85,0.00,,,,
476,06/12/2022 04:55:00,26.85,0.00,,,,
477,06/12/2022 04:56:00,26.90,0.00,,,,
478,06/12/2022 04:57:00,26.85,0.00,,,,
479,06/12/2022 04:58:00,26.85,0.00,,,,
480,06/12/2022 04:59:00,26.85,0.00,,,,
481,06/12/2022 05:00:00,26.81,0.00,,,,
482,06/12/2022 05:01:00,26.85,0.00,,,,
483,06/12/2022 05:02:00,26.85,0.00,,,,
484,06/12/2022 05:03:00,26.85,0.00,,,,
485,06/12/2022 05:04:00,26.85,0.00,,,,
486,06/12/2022 05:05:00,26.90,0.00,,,,
487,06/12/2022 05:06:00,26.85,0.00,,,,
488,06/12/2022 05:07:00,26.85,0.00,,,,
489,06/12/2022 05:08:00,26.85,0.00,,,,
490,06/12/2022 05:09:00,26.81,0.00,,,,
491,06/12/2022 05:10:00,26.85,0.00,,,,
492,06/12/2022 05:11:00,26.85,0.00,,,,
493,06/12/2022 05:12:00,26.90,0.00,,,,
494,06/12/2022 05:13:00,26.85,0.00,,,,
495,06/12/2022 05:14:00,26.90,0.00,,,,
496,06/12/2022 05:15:00,26.85,0.00,,,,
497,06/12/2022 05:16:00,26.85,0.00,,,,
498,06/12/2022 05:17:00,26.85,0.00,,,,
499,06/12/2022 05:18:00,26.85,0.00,,,,
500,06/12/2022 05:19:00,26.85,0.00,,,,
501,06/12/2022 05:20:00,26.81,0.00,,,,
502,06/12/2022 05:21:00,26.85,0.00,,,,
503,06/12/2022 05:22:00,26.85,0.00,,,,
504,06/12/2022 05:23:00,26.85,0.00,,,,
505,06/12/2022 05:24:00,26.90,0.00,,,,
506,06/12/2022 05:25:00,26.85,0.00,,,,
507,06/12/2022 05:26:00,26.85,0.00,,,,
508,06/12/2022 05:27:00,26.85,0.00,,,,
509,06/12/2022 05:28:00,26.81,0.20,,,,
510,06/12/2022 05:29:00,26.81,0.40,,,,
511,06/12/2022 05:30:00,26.81,0.40,,,,
512,06/12/2022 05:31:00,26.85,0.81,,,,
513,06/12/2022 05:32:00,26.85,1.41,,,,
514,06/12/2022 05:33:00,26.85,1.82,,,,
515,06/12/2022 05:34:00,26.81,2.23,,,,
516,06/12/2022 05:35:00,26.81,2.43,,,,
517,06/12/2022 05:36:00,26.85,2.63,,,,
518,06/12/2022 05:37:00,26.85,4.05,,,,
519,06/12/2022 05:38:00,26.85,5.27,,,,
520,06/12/2022 05:39:00,26.85,6.08,,,,
521,06/12/2022 05:40:00,26.85,6.69,,,,
522,06/12/2022 05:41:00,26.81,7.09,,,,
523,06/12/2022 05:42:00,26.81,8.95,,,,
524,06/12/2022 05:43:00,26.85,11.18,,,,
525,06/12/2022 05:44:00,26.81,13.23,,,,
526,06/12/2022 05:45:00,26.81,15.87,,,,
527,06/12/2022 05:46:00,26.85,19.14,,,,
528,06/12/2022 05:47:00,26.81,23.83,,,,
529,06/12/2022 05:48:00,26.81,29.76,,,,
530,06/12/2022 05:49:00,26.85,35.09,,,,
531,06/12/2022 05:50:00,26.81,39.60,,,,
532,06/12/2022 05:51:00,26.85,44.46,,,,
533,06/12/2022 05:52:00,26.81,50.14,,,,
534,06/12/2022 05:53:00,26.85,59.58,,,,
535,06/12/2022 05:54:00,26.85,69.76,,,,
536,06/12/2022 05:55:00,26.85,75.04,,,,
537,06/12/2022 05:56:00,26.85,81.64,,,,
538,06/12/2022 05:57:00,26.81,87.32,,,,
539,06/12/2022 05:58:00,26.81,90.56,,,,
540,06/12/2022 05:59:00,26.81,95.52,,,,
541,06/12/2022 06:00:00,26.81,115.08,,,,
542,06/12/2022 06:01:00,26.85,133.04,,,,
543,06/12/2022 06:02:00,26.81,144.40,,,,
544,06/12/2022 06:03:00,26.85,155.04,,,,
545,06/12/2022 06:04:00,26.85,167.28,,,,
546,06/12/2022 06:05:00,26.81,179.44,,,,
547,06/12/2022 06:06:00,26.81,212.16,,,,
548,06/12/2022 06:07:00,26.85,259.60,,,,
549,06/12/2022 06:08:00,26.85,224.32,,,,
550,06/12/2022 06:09:00,26.81,203.20,,,,
551,06/12/2022 06:10:00,26.81,189.20,,,,
552,06/12/2022 06:11:00,26.85,214.56,,,,
553,06/12/2022 06:12:00,26.81,268.56,,,,
554,06/12/2022 06:13:00,26.90,313.36,,,,
555,06/12/2022 06:14:00,26.85,330.40,,,,
556,06/12/2022 06:15:00,26.85,347.52,,,,
557,06/12/2022 06:16:00,26.90,402.40,,,,
558,06/12/2022 06:17:00,26.85,408.80,,,,
559,06/12/2022 06:18:00,26.81,381.60,,,,
560,06/12/2022 06:19:00,26.85,367.04,,,,
561,06/12/2022 06:20:00,26.85,365.44,,,,
562,06/12/2022 06:21:00,26.90,453.44,,,,
563,06/12/2022 06:22:00,26.85,502.56,,,,
564,06/12/2022 06:23:00,26.90,442.08,,,,
565,06/12/2022 06:24:00,26.85,427.52,,,,
566,06/12/2022 06:25:00,26.90,436.48,,,,
567,06/12/2022 06:26:00,26.85,484.32,,,,
568,06/12/2022 06:27:00,26.85,504.16,,,,
569,06/12/2022 06:28:00,26.85,508.32,,,,
570,06/12/2022 06:29:00,26.90,476.96,,,,
571,06/12/2022 06:30:00,26.90,578.40,,,,
572,06/12/2022 06:31:00,26.90,656.00,,,,
573,06/12/2022 06:32:00,26.90,582.56,,,,
574,06/12/2022 06:33:00,26.94,583.36,,,,
575,06/12/2022 06:34:00,26.85,570.40,,,,
576,06/12/2022 06:35:00,26.85,523.68,,,,
577,06/12/2022 06:36:00,26.94,504.16,,,,
578,06/12/2022 06:37:00,26.85,544.80,,,,
579,06/12/2022 06:38:00,26.85,626.24,,,,
580,06/12/2022 06:39:00,26.90,719.68,,,,
581,06/12/2022 06:40:00,26.85,650.24,,,,
582,06/12/2022 06:41:00,26.85,590.56,,,,
583,06/12/2022 06:42:00,26.85,501.76,,,,
584,06/12/2022 06:43:00,26.85,492.80,,,,
585,06/12/2022 06:44:00,26.85,567.52,,,,
586,06/12/2022 06:45:00,26.94,643.68,,,,
587,06/12/2022 06:46:00,26.90,685.76,,,,
588,06/12/2022 06:47:00,26.85,568.64,,,,
589,06/12/2022 06:48:00,26.90,506.56,,,,
590,06/12/2022 06:49:00,26.85,477.76,,,,
591,06/12/2022 06:50:00,26.85,521.28,,,,
592,06/12/2022 06:51:00,26.90,560.16,,,,
593,06/12/2022 06:52:00,26.85,456.80,,,,
594,06/12/2022 06:53:00,26.81,465.60,,,,
595,06/12/2022 06:54:00,26.85,477.76,,,,
596,06/12/2022 06:55:00,26.85,507.52,,,,
597,06/12/2022 06:56:00,26.85,586.56,,,,
598,06/12/2022 06:57:00,26.90,726.08,,,,
599,06/12/2022 06:58:00,26.90,877.76,,,,
600,06/12/2022 06:59:00,26.90,891.52,,,,
601,06/12/2022 07:00:00,26.90,774.72,,,,
602,06/12/2022 07:01:00,26.90,824.64,,,,
603,06/12/2022 07:02:00,26.85,653.44,,,,
604,06/12/2022 07:03:00,26.85,572.80,,,,
605,06/12/2022 07:04:00,26.90,598.72,,,,
606,06/12/2022 07:05:00,26.85,644.96,,,,
607,06/12/2022 07:06:00,26.85,645.76,,,,
608,06/12/2022 07:07:00,26.90,676.16,,,,
609,06/12/2022 07:08:00,26.85,710.08,,,,
610,06/12/2022 07:09:00,26.85,730.88,,,,
611,06/12/2022 07:10:00,26.90,784.32,,,,
612,06/12/2022 07:11:00,26.90,778.88,,,,
613,06/12/2022 07:12:00,26.85,621.44,,,,
614,06/12/2022 07:13:00,26.90,564.32,,,,
615,06/12/2022 07:14:00,26.90,712.64,,,,
616,06/12/2022 07:15:00,26.90,873.60,,,,
617,06/12/2022 07:16:00,26.90,1104.00,,,,
618,06/12/2022 07:17:00,26.90,1306.88,,,,
619,06/12/2022 07:18:00,26.94,1267.20,,,,
620,06/12/2022 07:19:00,26.90,1048.00,,,,
621,06/12/2022 07:20:00,26.94,1105.92,,,,
622,06/12/2022 07:21:00,26.90,785.28,,,,
623,06/12/2022 07:22:00,26.90,659.84,,,,
624,06/12/2022 07:23:00,26.85,671.36,,,,
625,06/12/2022 07:24:00,26.90,617.44,,,,
626,06/12/2022 07:25:00,26.90,527.68,,,,
627,06/12/2022 07:26:00,26.90,528.48,,,,
628,06/12/2022 07:27:00,26.85,570.72,,,,
629,06/12/2022 07:28:00,26.85,642.08,,,,
630,06/12/2022 07:29:00,26.90,840.00,,,,
631,06/12/2022 07:30:00,26.90,1238.08,,,,
632,06/12/2022 07:31:00,26.94,956.48,,,,
633,06/12/2022 07:32:00,26.90,929.60,,,,
634,06/12/2022 07:33:00,26.90,752.96,,,,
635,06/12/2022 07:34:00,26.90,678.72,,,,
636,06/12/2022 07:35:00,26.90,599.52,,,,
637,06/12/2022 07:36:00,26.94,597.92,,,,
638,06/12/2022 07:37:00,26.85,589.76,,,,
639,06/12/2022 07:38:00,26.90,599.52,,,,
640,06/12/2022 07:39:00,26.90,642.56,,,,
641,06/12/2022 07:40:00,26.90,669.76,,,,
642,06/12/2022 07:41:00,26.94,767.36,,,,
643,06/12/2022 07:42:00,26.90,874.56,,,,
644,06/12/2022 07:43:00,26.90,676.16,,,,
645,06/12/2022 07:44:00,26.85,556.96,,,,
646,06/12/2022 07:45:00,26.94,515.52,,,,
647,06/12/2022 07:46:00,26.90,565.44,,,,
648,06/12/2022 07:47:00,26.90,550.40,,,,
649,06/12/2022 07:48:00,26.90,811.52,,,,
650,06/12/2022 07:49:00,26.90,702.08,,,,
651,06/12/2022 07:50:00,26.90,710.72,,,,
652,06/12/2022 07:51:00,26.90,730.24,,,,
653,06/12/2022 07:52:00,26.90,677.76,,,,
654,06/12/2022 07:53:00,26.90,640.48,,,,
655,06/12/2022 07:54:00,26.85,689.92,,,,
656,06/12/2022 07:55:00,26.90,750.40,,,,
657,06/12/2022 07:56:00,26.90,756.16,,,,
658,06/12/2022 07:57:00,26.94,725.12,,,,
659,06/12/2022 07:58:00,26.90,747.84,,,,
660,06/12/2022 07:59:00,26.90,674.56,,,,
661,06/12/2022 08:00:00,26.90,552.96,,,,
662,06/12/2022 08:01:00,26.90,652.64,,,,
663,06/12/2022 08:02:00,26.90,777.92,,,,
664,06/12/2022 08:03:00,26.90,1026.24,,,,
665,06/12/2022 08:04:00,26.90,746.24,,,,
666,06/12/2022 08:05:00,26.90,722.88,,,,
667,06/12/2022 08:06:00,26.90,858.24,,,,
668,06/12/2022 08:07:00,26.90,735.68,,,,
669,06/12/2022 08:08:00,26.94,670.40,,,,
670,06/12/2022 08:09:00,26.90,592.16,,,,
671,06/12/2022 08:10:00,26.94,577.60,,,,
672,06/12/2022 08:11:00,26.90,587.36,,,,
673,06/12/2022 08:12:00,26.90,585.76,,,,
674,06/12/2022 08:13:00,26.90,587.36,,,,
675,06/12/2022 08:14:00,26.90,566.24,,,,
676,06/12/2022 08:15:00,26.94,569.44,,,,
677,06/12/2022 08:16:00,26.94,612.48,,,,
678,06/12/2022 08:17:00,26.90,733.44,,,,
679,06/12/2022 08:18:00,26.85,574.40,,,,
680,06/12/2022 08:19:00,26.94,570.40,,,,
681,06/12/2022 08:20:00,26.94,575.20,,,,
682,06/12/2022 08:21:00,26.90,566.24,,,,
683,06/12/2022 08:22:00,26.90,557.28,,,,
684,06/12/2022 08:23:00,26.90,560.64,,,,
685,06/12/2022 08:24:00,26.90,557.28,,,,
686,06/12/2022 08:25:00,26.90,556.48,,,,
687,06/12/2022 08:26:00,26.90,558.08,,,,
688,06/12/2022 08:27:00,26.90,559.04,,,,
689,06/12/2022 08:28:00,26.94,561.44,,,,
690,06/12/2022 08:29:00,26.90,556.48,,,,
691,06/12/2022 08:30:00,26.85,557.28,,,,
692,06/12/2022 08:31:00,26.94,473.76,,,,
693,06/12/2022 08:32:00,26.94,549.60,,,,
694,06/12/2022 08:33:00,26.85,560.64,,,,
695,06/12/2022 08:34:00,26.94,571.20,,,,
696,06/12/2022 08:35:00,26.94,575.20,,,,
697,06/12/2022 08:36:00,26.90,571.20,,,,
698,06/12/2022 08:37:00,26.90,591.36,,,,
699,06/12/2022 08:38:00,26.94,610.88,,,,
700,06/12/2022 08:39:00,26.94,644.64,,,,
701,06/12/2022 08:40:00,26.94,599.52,,,,
702,06/12/2022 08:41:00,26.94,588.96,,,,
703,06/12/2022 08:42:00,26.90,588.16,,,,
704,06/12/2022 08:43:00,26.90,603.52,,,,
705,06/12/2022 08:44:00,26.94,611.68,,,,
706,06/12/2022 08:45:00,26.94,619.84,,,,
707,06/12/2022 08:46:00,26.98,619.84,,,,
708,06/12/2022 08:47:00,26.94,675.20,,,,
709,06/12/2022 08:48:00,26.98,654.24,,,,
710,06/12/2022 08:49:00,26.94,652.64,,,,
711,06/12/2022 08:50:00,26.98,666.24,,,,
712,06/12/2022 08:51:00,26.94,704.64,,,,
713,06/12/2022 08:52:00,26.94,769.92,,,,
714,06/12/2022 08:53:00,26.98,908.48,,,,
715,06/12/2022 08:54:00,27.02,809.92,,,,
716,06/12/2022 08:55:00,27.02,1239.68,,,,
717,06/12/2022 08:56:00,26.98,1229.76,,,,
718,06/12/2022 08:57:00,26.98,1308.48,,,,
719,06/12/2022 08:58:00,26.98,1105.92,,,,
720,06/12/2022 08:59:00,26.98,1076.48,,,,
721,06/12/2022 09:00:00,26.98,974.40,,,,
722,06/12/2022 09:01:00,26.98,1160.96,,,,
723,06/12/2022 09:02:00,26.98,1596.80,,,,
724,06/12/2022 09:03:00,27.07,1123.52,,,,
725,06/12/2022 09:04:00,27.02,1412.48,,,,
726,06/12/2022 09:05:00,27.02,1352.96,,,,
727,06/12/2022 09:06:00,27.07,1349.12,,,,
728,06/12/2022 09:07:00,27.07,1463.68,,,,
729,06/12/2022 09:08:00,27.02,1296.32,,,,
730,06/12/2022 09:09:00,27.02,1221.76,,,,
731,06/12/2022 09:10:00,27.07,1049.92,,,,
732,06/12/2022 09:11:00,27.07,979.84,,,,
733,06/12/2022 09:12:00,26.98,1072.64,,,,
734,06/12/2022 09:13:00,27.02,1040.96,,,,
735,06/12/2022 09:14:00,27.07,1146.24,,,,
736,06/12/2022 09:15:00,27.07,1139.84,,,,
737,06/12/2022 09:16:00,27.11,1368.32,,,,
738,06/12/2022 09:17:00,27.07,1934.08,,,,
739,06/12/2022 09:18:00,27.07,2759.68,,,,
740,06/12/2022 09:19:00,27.11,2080.00,,,,
741,06/12/2022 09:20:00,27.11,1830.40,,,,
742,06/12/2022 09:21:00,27.11,1838.08,,,,
743,06/12/2022 09:22:00,27.11,1472.64,,,,
744,06/12/2022 09:23:00,27.11,1525.12,,,,
745,06/12/2022 09:24:00,27.15,1501.44,,,,
746,06/12/2022 09:25:00,27.11,1753.60,,,,
747,06/12/2022 09:26:00,27.11,1834.88,,,,
748,06/12/2022 09:27:00,27.15,1525.12,,,,
749,06/12/2022 09:28:00,27.15,1292.48,,,,
750,06/12/2022 09:29:00,27.11,1178.88,,,,
751,06/12/2022 09:30:00,27.11,1027.84,,,,
752,06/12/2022 09:31:00,27.11,1031.04,,,,
753,06/12/2022 09:32:00,27.11,1102.40,,,,
754,06/12/2022 09:33:00,27.15,1438.08,,,,
755,06/12/2022 09:34:00,27.20,1591.68,,,,
756,06/12/2022 09:35:00,27.20,1101.76,,,,
757,06/12/2022 09:36:00,27.20,1410.56,,,,
758,06/12/2022 09:37:00,27.15,1452.16,,,,
759,06/12/2022 09:38:00,27.15,1274.56,,,,
760,06/12/2022 09:39:00,27.15,1388.16,,,,
761,06/12/2022 09:40:00,27.15,1197.44,,,,
762,06/12/2022 09:41:00,27.15,1393.92,,,,
763,06/12/2022 09:42:00,27.20,1213.76,,,,
764,06/12/2022 09:43:00,27.15,943.36,,,,
765,06/12/2022 09:44:00,27.15,1157.76,,,,
766,06/12/2022 09:45:00,27.20,1591.04,,,,
767,06/12/2022 09:46:00,27.20,1260.80,,,,
768,06/12/2022 09:47:00,27.20,1301.44,,,,
769,06/12/2022 09:48:00,27.20,1325.44,,,,
770,06/12/2022 09:49:00,27.15,1655.04,,,,
771,06/12/2022 09:50:00,27.20,1488.00,,,,
772,06/12/2022 09:51:00,27.20,1429.12,,,,
773,06/12/2022 09:52:00,27.24,1374.08,,,,
774,06/12/2022 09:53:00,27.24,1364.48,,,,
775,06/12/2022 09:54:00,27.24,1713.28,,,,
776,06/12/2022 09:55:00,27.24,1408.00,,,,
777,06/12/2022 09:56:00,27.24,895.68,,,,
778,06/12/2022 09:57:00,27.20,1138.24,,,,
779,06/12/2022 09:58:00,27.28,1825.28,,,,
780,06/12/2022 09:59:00,27.28,1973.12,,,,
781,06/12/2022 10:00:00,27.28,1655.04,,,,
782,06/12/2022 10:01:00,27.24,1542.40,,,,
783,06/12/2022 10:02:00,27.24,980.80,,,,
784,06/12/2022 10:03:00,27.24,1283.52,,,,
785,06/12/2022 10:04:00,27.28,1242.88,,,,
786,06/12/2022 10:05:00,27.32,1348.48,,,,
787,06/12/2022 10:06:00,27.28,1300.48,,,,
788,06/12/2022 10:07:00,27.32,1434.24,,,,
789,06/12/2022 10:08:00,27.32,1680.64,,,,
790,06/12/2022 10:09:00,27.37,1891.84,,,,
791,06/12/2022 10:10:00,27.32,1753.60,,,,
792,06/12/2022 10:11:00,27.37,1468.80,,,,
793,06/12/2022 10:12:00,27.32,1452.80,,,,
794,06/12/2022 10:13:00,27.32,1601.28,,,,
795,06/12/2022 10:14:00,27.32,1671.04,,,,
796,06/12/2022 10:15:00,27.32,1827.20,,,,
797,06/12/2022 10:16:00,27.37,1767.04,,,,
798,06/12/2022 10:17:00,27.37,1651.84,,,,
799,06/12/2022 10:18:00,27.37,1603.84,,,,
800,06/12/2022 10:19:00,27.37,1659.52,,,,
801,06/12/2022 10:20:00,27.37,1877.12,,,,
802,06/12/2022 10:21:00,27.37,1509.12,,,,
803,06/12/2022 10:22:00,27.37,1585.28,,,,
804,06/12/2022 10:23:00,27.37,1437.44,,,,
805,06/12/2022 10:24:00,27.37,1197.44,,,,
806,06/12/2022 10:25:00,27.37,1643.52,,,,
807,06/12/2022 10:26:00,27.37,1679.36,,,,
808,06/12/2022 10:27:00,27.37,1609.60,,,,
809,06/12/2022 10:28:00,27.41,1911.04,,,,
810,06/12/2022 10:29:00,27.37,1744.00,,,,
811,06/12/2022 10:30:00,27.37,1180.48,,,,
812,06/12/2022 10:31:00,27.37,1012.48,,,,
813,06/12/2022 10:32:00,27.37,1295.68,,,,
814,06/12/2022 10:33:00,27.37,1502.08,,,,
815,06/12/2022 10:34:00,27.37,1642.24,,,,
816,06/12/2022 10:35:00,27.37,1781.76,,,,
817,06/12/2022 10:36:00,27.41,1625.60,,,,
818,06/12/2022 10:37:00,27.37,1456.64,,,,
819,06/12/2022 10:38:00,27.41,2480.64,,,,
820,06/12/2022 10:39:00,27.41,2832.64,,,,
821,06/12/2022 10:40:00,27.45,2816.00,,,,
822,06/12/2022 10:41:00,27.41,1898.24,,,,
823,06/12/2022 10:42:00,27.41,1875.84,,,,
824,06/12/2022 10:43:00,27.45,2193.92,,,,
825,06/12/2022 10:44:00,27.50,2169.60,,,,
826,06/12/2022 10:45:00,27.45,1982.72,,,,
827,06/12/2022 10:46:00,27.50,2696.96,,,,
828,06/12/2022 10:47:00,27.45,2536.32,,,,
829,06/12/2022 10:48:00,27.45,1840.00,,,,
830,06/12/2022 10:49:00,27.50,1692.16,,,,
831,06/12/2022 10:50:00,27.45,2068.48,,,,
832,06/12/2022 10:51:00,27.50,2076.80,,,,
833,06/12/2022 10:52:00,27.50,2261.76,,,,
834,06/12/2022 10:53:00,27.54,2503.68,,,,
835,06/12/2022 10:54:00,27.45,2064.00,,,,
836,06/12/2022 10:55:00,27.54,2372.48,,,,
837,06/12/2022 10:56:00,27.50,1479.04,,,,
838,06/12/2022 10:57:00,27.45,1491.84,,,,
839,06/12/2022 10:58:00,27.45,1568.64,,,,
840,06/12/2022 10:59:00,27.45,1776.64,,,,
841,06/12/2022 11:00:00,27.45,2033.28,,,,
842,06/12/2022 11:01:00,27.54,4416.00,,,,
843,06/12/2022 11:02:00,27.58,2354.56,,,,
844,06/12/2022 11:03:00,27.50,1658.24,,,,
845,06/12/2022 11:04:00,27.50,3800.32,,,,
846,06/12/2022 11:05:00,27.63,4136.96,,,,
847,06/12/2022 11:06:00,27.58,3692.80,,,,
848,06/12/2022 11:07:00,27.58,3815.68,,,,
849,06/12/2022 11:08:00,27.58,3105.28,,,,
850,06/12/2022 11:09:00,27.54,1431.04,,,,
851,06/12/2022 11:10:00,27.58,3238.40,,,,
852,06/12/2022 11:11:00,27.54,3407.36,,,,
853,06/12/2022 11:12:00,27.63,3832.32,,,,
854,06/12/2022 11:13:00,27.58,4066.56,,,,
855,06/12/2022 11:14:00,27.58,1642.24,,,,
856,06/12/2022 11:15:00,27.50,1685.76,,,,
857,06/12/2022 11:16:00,27.58,2880.00,,,,
858,06/12/2022 11:17:00,27.58,2979.84,,,,
859,06/12/2022 11:18:00,27.63,2019.84,,,,
860,06/12/2022 11:19:00,27.58,1638.40,,,,
861,06/12/2022 11:20:00,27.58,1822.08,,,,
862,06/12/2022 11:21:00,27.63,4309.76,,,,
863,06/12/2022 11:22:00,27.63,3848.96,,,,
864,06/12/2022 11:23:00,27.71,3815.68,,,,
865,06/12/2022 11:24:00,27.67,1885.44,,,,
866,06/12/2022 11:25:00,27.58,1789.44,,,,
867,06/12/2022 11:26:00,27.58,1568.64,,,,
868,06/12/2022 11:27:00,27.58,3367.68,,,,
869,06/12/2022 11:28:00,27.63,2694.40,,,,
870,06/12/2022 11:29:00,27.63,2632.96,,,,
871,06/12/2022 11:30:00,27.67,2626.56,,,,
872,06/12/2022 11:31:00,27.63,1273.60,,,,
873,06/12/2022 11:32:00,27.63,1906.56,,,,
874,06/12/2022 11:33:00,27.54,1462.40,,,,
875,06/12/2022 11:34:00,27.58,1429.12,,,,
876,06/12/2022 11:35:00,27.58,2274.56,,,,
877,06/12/2022 11:36:00,27.63,1682.56,,,,
878,06/12/2022 11:37:00,27.63,3637.76,,,,
879,06/12/2022 11:38:00,27.63,3731.20,,,,
880,06/12/2022 11:39:00,27.67,3189.76,,,,
881,06/12/2022 11:40:00,27.71,3347.20,,,,
882,06/12/2022 11:41:00,27.71,3796.48,,,,
883,06/12/2022 11:42:00,27.75,4104.96,,,,
884,06/12/2022 11:43:00,27.80,4166.40,,,,
885,06/12/2022 11:44:00,27.75,4364.80,,,,
886,06/12/2022 11:45:00,27.75,1724.80,,,,
887,06/12/2022 11:46:00,27.75,4646.40,,,,
888,06/12/2022 11:47:00,27.80,4017.92,,,,
889,06/12/2022 11:48:00,27.80,4225.28,,,,
890,06/12/2022 11:49:00,27.80,4111.36,,,,
891,06/12/2022 11:50:00,27.84,3523.84,,,,
892,06/12/2022 11:51:00,27.84,3549.44,,,,
893,06/12/2022 11:52:00,27.75,2033.28,,,,
894,06/12/2022 11:53:00,27.75,4305.92,,,,
895,06/12/2022 11:54:00,27.84,4442.88,,,,
896,06/12/2022 11:55:00,27.84,1922.56,,,,
897,06/12/2022 11:56:00,27.84,5163.52,,,,
898,06/12/2022 11:57:00,27.88,2891.52,,,,
899,06/12/2022 11:58:00,27.84,1619.20,,,,
900,06/12/2022 11:59:00,27.80,2162.56,,,,
901,06/12/2022 12:00:00,27.84,3430.40,,,,
902,06/12/2022 12:01:00,27.84,2935.04,,,,
903,06/12/2022 12:02:00,27.84,2714.88,,,,
904,06/12/2022 12:03:00,27.84,2560.64,,,,
905,06/12/2022 12:04:00,27.84,2741.76,,,,
906,06/12/2022 12:05:00,27.84,2060.80,,,,
907,06/12/2022 12:06:00,27.75,2216.32,,,,
908,06/12/2022 12:07:00,27.80,2286.08,,,,
909,06/12/2022 12:08:00,27.84,2221.44,,,,
910,06/12/2022 12:09:00,27.88,2024.96,,,,
911,06/12/2022 12:10:00,27.80,3264.00,,,,
912,06/12/2022 12:11:00,27.84,2933.76,,,,
913,06/12/2022 12:12:00,27.84,2929.92,,,,
914,06/12/2022 12:13:00,27.84,2976.00,,,,
915,06/12/2022 12:14:00,27.88,3682.56,,,,
916,06/12/2022 12:15:00,27.88,3864.32,,,,
917,06/12/2022 12:16:00,27.93,2969.60,,,,
918,06/12/2022 12:17:00,27.88,3534.08,,,,
919,06/12/2022 12:18:00,27.88,2703.36,,,,
920,06/12/2022 12:19:00,27.84,2537.60,,,,
921,06/12/2022 12:20:00,27.88,2526.08,,,,
922,06/12/2022 12:21:00,27.84,2676.48,,,,
923,06/12/2022 12:22:00,27.84,2791.68,,,,
924,06/12/2022 12:23:00,27.84,2680.32,,,,
925,06/12/2022 12:24:00,27.88,4101.12,,,,
926,06/12/2022 12:25:00,27.88,4618.24,,,,
927,06/12/2022 12:26:00,27.93,3842.56,,,,
928,06/12/2022 12:27:00,27.93,4179.20,,,,
929,06/12/2022 12:28:00,27.93,3864.32,,,,
930,06/12/2022 12:29:00,27.93,4007.68,,,,
931,06/12/2022 12:30:00,27.93,3183.36,,,,
932,06/12/2022 12:31:00,27.93,3777.28,,,,
933,06/12/2022 12:32:00,27.93,4764.16,,,,
934,06/12/2022 12:33:00,27.93,4160.00,,,,
935,06/12/2022 12:34:00,27.97,5729.28,,,,
936,06/12/2022 12:35:00,28.01,4458.24,,,,
937,06/12/2022 12:36:00,27.97,5212.16,,,,
938,06/12/2022 12:37:00,28.01,5493.76,,,,
939,06/12/2022 12:38:00,28.01,5388.80,,,,
940,06/12/2022 12:39:00,28.01,5575.68,,,,
941,06/12/2022 12:40:00,28.01,5678.08,,,,
942,06/12/2022 12:41:00,28.05,5547.52,,,,
943,06/12/2022 12:42:00,28.01,4582.40,,,,
944,06/12/2022 12:43:00,27.93,1411.20,,,,
945,06/12/2022 12:44:00,27.93,2887.68,,,,
946,06/12/2022 12:45:00,28.01,2610.56,,,,
947,06/12/2022 12:46:00,27.97,2958.08,,,,
948,06/12/2022 12:47:00,28.01,2380.16,,,,
949,06/12/2022 12:48:00,28.05,6248.96,,,,
950,06/12/2022 12:49:00,28.01,2343.04,,,,
951,06/12/2022 12:50:00,28.05,4744.96,,,,
952,06/12/2022 12:51:00,28.05,4436.48,,,,
953,06/12/2022 12:52:00,28.05,1974.40,,,,
954,06/12/2022 12:53:00,27.97,1752.32,,,,
955,06/12/2022 12:54:00,28.01,3275.52,,,,
956,06/12/2022 12:55:00,28.01,2955.52,,,,
957,06/12/2022 12:56:00,28.01,5075.20,,,,
958,06/12/2022 12:57:00,28.18,6684.16,,,,
959,06/12/2022 12:58:00,28.23,6412.80,,,,
960,06/12/2022 12:59:00,28.27,6376.96,,,,
961,06/12/2022 13:00:00,28.31,6435.84,,,,
962,06/12/2022 13:01:00,28.35,7262.72,,,,
963,06/12/2022 13:02:00,28.18,1857.92,,,,
964,06/12/2022 13:03:00,28.27,12390.40,,,,
965,06/12/2022 13:04:00,28.74,26931.20,,,,
966,06/12/2022 13:05:00,29.26,32839.68,,,,
967,06/12/2022 13:06:00,29.60,26767.36,,,,
968,06/12/2022 13:07:00,29.86,27176.96,,,,
969,06/12/2022 13:08:00,30.03,32409.60,,,,
970,06/12/2022 13:09:00,30.07,31416.32,,,,
971,06/12/2022 13:10:00,29.51,7326.72,,,,
972,06/12/2022 13:11:00,29.43,33024.00,,,,
973,06/12/2022 13:12:00,29.98,35031.04,,,,
974,06/12/2022 13:13:00,30.20,16419.84,,,,
975,06/12/2022 13:14:00,30.50,37427.20,,,,
976,06/12/2022 13:15:00,30.67,31416.32,,,,
977,06/12/2022 13:16:00,30.76,34856.96,,,,
978,06/12/2022 13:17:00,30.80,34867.20,,,,
979,06/12/2022 13:18:00,30.84,33310.72,,,,
980,06/12/2022 13:19:00,30.93,35266.56,,,,
981,06/12/2022 13:20:00,30.93,36771.84,,,,
982,06/12/2022 13:21:00,31.06,36904.96,,,,
983,06/12/2022 13:22:00,31.10,36249.60,,,,
984,06/12/2022 13:23:00,31.14,36976.64,,,,
985,06/12/2022 13:24:00,31.06,33996.80,,,,
986,06/12/2022 13:25:00,30.03,7605.76,,,,
987,06/12/2022 13:26:00,29.56,2485.76,,,,
988,06/12/2022 13:27:00,29.30,3020.80,,,,
989,06/12/2022 13:28:00,29.13,5199.36,,,,
990,06/12/2022 13:29:00,28.95,2471.04,,,,
991,06/12/2022 13:30:00,28.91,7216.64,,,,
992,06/12/2022 13:31:00,28.91,6899.20,,,,
993,06/12/2022 13:32:00,28.87,7152.64,,,,
994,06/12/2022 13:33:00,28.87,7237.12,,,,
995,06/12/2022 13:34:00,28.83,7326.72,,,,
996,06/12/2022 13:35:00,28.87,7372.80,,,,
997,06/12/2022 13:36:00,28.87,7139.84,,,,
998,06/12/2022 13:37:00,28.91,7308.80,,,,
999,06/12/2022 13:38:00,28.87,7242.24,,,,
1000,06/12/2022 13:39:00,28.83,7191.04,,,,
1001,06/12/2022 13:40:00,28.87,7470.08,,,,
1002,06/12/2022 13:41:00,28.91,7897.60,,,,
1003,06/12/2022 13:42:00,28.91,8560.64,,,,
1004,06/12/2022 13:43:00,28.95,8762.88,,,,
1005,06/12/2022 13:44:00,28.87,1436.80,,,,
1006,06/12/2022 13:45:00,28.83,8189.44,,,,
1007,06/12/2022 13:46:00,28.87,7820.80,,,,
1008,06/12/2022 13:47:00,28.83,7690.24,,,,
1009,06/12/2022 13:48:00,28.95,8184.32,,,,
1010,06/12/2022 13:49:00,28.78,1134.08,,,,
1011,06/12/2022 13:50:00,28.70,4276.48,,,,
1012,06/12/2022 13:51:00,28.74,8463.36,,,,
1013,06/12/2022 13:52:00,28.74,3472.64,,,,
1014,06/12/2022 13:53:00,28.83,9241.60,,,,
1015,06/12/2022 13:54:00,28.87,8476.16,,,,
1016,06/12/2022 13:55:00,28.91,1288.32,,,,
1017,06/12/2022 13:56:00,28.87,6996.48,,,,
1018,06/12/2022 13:57:00,28.83,2136.96,,,,
1019,06/12/2022 13:58:00,28.87,7943.68,,,,
1020,06/12/2022 13:59:00,28.87,5967.36,,,,
1021,06/12/2022 14:00:00,28.70,1397.12,,,,
1022,06/12/2022 14:01:00,28.61,1594.24,,,,
1023,06/12/2022 14:02:00,28.74,7618.56,,,,
1024,06/12/2022 14:03:00,28.65,1888.64,,,,
1025,06/12/2022 14:04:00,28.78,8962.56,,,,
1026,06/12/2022 14:05:00,28.70,1236.48,,,,
1027,06/12/2022 14:06:00,28.57,1291.52,,,,
1028,06/12/2022 14:07:00,28.61,5762.56,,,,
1029,06/12/2022 14:08:00,28.70,9786.88,,,,
1030,06/12/2022 14:09:00,28.78,6638.08,,,,
1031,06/12/2022 14:10:00,28.74,5250.56,,,,
1032,06/12/2022 14:11:00,28.70,7191.04,,,,
1033,06/12/2022 14:12:00,28.78,8522.24,,,,
1034,06/12/2022 14:13:00,28.83,9338.88,,,,
1035,06/12/2022 14:14:00,28.65,1831.68,,,,
1036,06/12/2022 14:15:00,28.61,1491.84,,,,
1037,06/12/2022 14:16:00,28.48,993.92,,,,
1038,06/12/2022 14:17:00,28.48,1130.88,,,,
1039,06/12/2022 14:18:00,28.44,1632.00,,,,
1040,06/12/2022 14:19:00,28.48,4195.84,,,,
1041,06/12/2022 14:20:00,28.61,9208.32,,,,
1042,06/12/2022 14:21:00,28.74,8788.48,,,,
1043,06/12/2022 14:22:00,28.78,5003.52,,,,
1044,06/12/2022 14:23:00,28.91,9029.12,,,,
1045,06/12/2022 14:24:00,28.78,9879.04,,,,
1046,06/12/2022 14:25:00,28.83,9643.52,,,,
1047,06/12/2022 14:26:00,28.91,9456.64,,,,
1048,06/12/2022 14:27:00,28.91,8936.96,,,,
1049,06/12/2022 14:28:00,28.91,9364.48,,,,
1050,06/12/2022 14:29:00,28.91,9126.40,,,,
1051,06/12/2022 14:30:00,28.95,6814.72,,,,
1052,06/12/2022 14:31:00,28.91,9300.48,,,,
1053,06/12/2022 14:32:00,28.87,7749.12,,,,
1054,06/12/2022 14:33:00,28.91,10961.92,,,,
1055,06/12/2022 14:34:00,28.91,11110.40,,,,
1056,06/12/2022 14:35:00,28.95,10598.40,,,,
1057,06/12/2022 14:36:00,28.91,12129.28,,,,
1058,06/12/2022 14:37:00,28.87,7196.16,,,,
1059,06/12/2022 14:38:00,28.87,5263.36,,,,
1060,06/12/2022 14:39:00,28.74,7001.60,,,,
1061,06/12/2022 14:40:00,28.74,7178.24,,,,
1062,06/12/2022 14:41:00,28.74,4309.76,,,,
1063,06/12/2022 14:42:00,28.70,3468.80,,,,
1064,06/12/2022 14:43:00,28.57,3546.88,,,,
1065,06/12/2022 14:44:00,28.61,5286.40,,,,
1066,06/12/2022 14:45:00,28.57,4335.36,,,,
1067,06/12/2022 14:46:00,28.65,5967.36,,,,
1068,06/12/2022 14:47:00,28.70,8832.00,,,,
1069,06/12/2022 14:48:00,28.70,4793.60,,,,
1070,06/12/2022 14:49:00,28.57,1627.52,,,,
1071,06/12/2022 14:50:00,28.53,2991.36,,,,
1072,06/12/2022 14:51:00,28.57,1604.48,,,,
1073,06/12/2022 14:52:00,28.48,5227.52,,,,
1074,06/12/2022 14:53:00,28.61,8437.76,,,,
1075,06/12/2022 14:54:00,28.65,4861.44,,,,
1076,06/12/2022 14:55:00,28.78,10104.32,,,,
1077,06/12/2022 14:56:00,28.83,9781.76,,,,
1078,06/12/2022 14:57:00,28.70,3855.36,,,,
1079,06/12/2022 14:58:00,28.83,13143.04,,,,
1080,06/12/2022 14:59:00,28.87,12400.64,,,,
1081,06/12/2022 15:00:00,28.95,12124.16,,,,
1082,06/12/2022 15:01:00,28.91,10511.36,,,,
1083,06/12/2022 15:02:00,28.87,9436.16,,,,
1084,06/12/2022 15:03:00,28.87,9208.32,,,,
1085,06/12/2022 15:04:00,28.87,9845.76,,,,
1086,06/12/2022 15:05:00,28.95,10467.84,,,,
1087,06/12/2022 15:06:00,28.91,4520.96,,,,
1088,06/12/2022 15:07:00,28.83,1687.68,,,,
1089,06/12/2022 15:08:00,28.57,1760.64,,,,
1090,06/12/2022 15:09:00,28.57,5026.56,,,,
1091,06/12/2022 15:10:00,28.65,2976.00,,,,
1092,06/12/2022 15:11:00,28.53,2463.36,,,,
1093,06/12/2022 15:12:00,28.53,2773.76,,,,
1094,06/12/2022 15:13:00,28.48,2037.76,,,,
1095,06/12/2022 15:14:00,28.48,6553.60,,,,
1096,06/12/2022 15:15:00,28.53,2055.68,,,,
1097,06/12/2022 15:16:00,28.44,1763.84,,,,
1098,06/12/2022 15:17:00,28.40,1331.84,,,,
1099,06/12/2022 15:18:00,28.35,1518.72,,,,
1100,06/12/2022 15:19:00,28.35,1455.36,,,,
1101,06/12/2022 15:20:00,28.31,1607.68,,,,
1102,06/12/2022 15:21:00,28.35,2089.60,,,,
1103,06/12/2022 15:22:00,28.35,1774.72,,,,
1104,06/12/2022 15:23:00,28.27,1450.24,,,,
1105,06/12/2022 15:24:00,28.27,1562.24,,,,
1106,06/12/2022 15:25:00,28.23,1270.40,,,,
1107,06/12/2022 15:26:00,28.23,1656.32,,,,
1108,06/12/2022 15:27:00,28.27,1744.00,,,,
1109,06/12/2022 15:28:00,28.31,5278.72,,,,
1110,06/12/2022 15:29:00,28.27,2945.28,,,,
1111,06/12/2022 15:30:00,28.31,2918.40,,,,
1112,06/12/2022 15:31:00,28.27,3022.08,,,,
1113,06/12/2022 15:32:00,28.23,1571.20,,,,
1114,06/12/2022 15:33:00,28.18,1621.76,,,,
1115,06/12/2022 15:34:00,28.18,1415.68,,,,
1116,06/12/2022 15:35:00,28.14,1216.00,,,,
1117,06/12/2022 15:36:00,28.14,1128.64,,,,
1118,06/12/2022 15:37:00,28.10,1079.68,,,,
1119,06/12/2022 15:38:00,28.14,1021.44,,,,
1120,06/12/2022 15:39:00,28.10,1336.96,,,,
1121,06/12/2022 15:40:00,28.10,1145.60,,,,
1122,06/12/2022 15:41:00,28.10,1282.56,,,,
1123,06/12/2022 15:42:00,28.05,1063.68,,,,
1124,06/12/2022 15:43:00,28.05,1033.60,,,,
1125,06/12/2022 15:44:00,28.01,1071.68,,,,
1126,06/12/2022 15:45:00,28.05,1212.16,,,,
1127,06/12/2022 15:46:00,28.05,1259.84,,,,
1128,06/12/2022 15:47:00,28.05,1440.64,,,,
1129,06/12/2022 15:48:00,28.01,1578.88,,,,
1130,06/12/2022 15:49:00,28.01,1911.04,,,,
1131,06/12/2022 15:50:00,28.05,1856.00,,,,
1132,06/12/2022 15:51:00,28.01,1664.64,,,,
1133,06/12/2022 15:52:00,28.01,1290.88,,,,
1134,06/12/2022 15:53:00,28.01,1226.56,,,,
1135,06/12/2022 15:54:00,27.97,1039.36,,,,
1136,06/12/2022 15:55:00,28.01,872.96,,,,
1137,06/12/2022 15:56:00,27.93,695.68,,,,
1138,06/12/2022 15:57:00,27.93,853.76,,,,
1139,06/12/2022 15:58:00,27.93,1064.32,,,,
1140,06/12/2022 15:59:00,27.88,863.04,,,,
1141,06/12/2022 16:00:00,27.93,1054.72,,,,
1142,06/12/2022 16:01:00,27.88,1208.96,,,,
1143,06/12/2022 16:02:00,27.88,1429.12,,,,
1144,06/12/2022 16:03:00,27.88,1745.92,,,,
1145,06/12/2022 16:04:00,27.93,1683.84,,,,
1146,06/12/2022 16:05:00,27.88,1250.24,,,,
1147,06/12/2022 16:06:00,27.88,1190.08,,,,
1148,06/12/2022 16:07:00,27.88,1504.64,,,,
1149,06/12/2022 16:08:00,27.88,1868.80,,,,
1150,06/12/2022 16:09:00,27.84,1916.16,,,,
1151,06/12/2022 16:10:00,27.88,1849.60,,,,
1152,06/12/2022 16:11:00,27.84,1312.00,,,,
1153,06/12/2022 16:12:00,27.84,1217.60,,,,
1154,06/12/2022 16:13:00,27.84,1209.60,,,,
1155,06/12/2022 16:14:00,27.84,1180.48,,,,
1156,06/12/2022 16:15:00,27.80,1312.64,,,,
1157,06/12/2022 16:16:00,27.84,1340.80,,,,
1158,06/12/2022 16:17:00,27.80,1023.04,,,,
1159,06/12/2022 16:18:00,27.80,952.32,,,,
1160,06/12/2022 16:19:00,27.80,866.56,,,,
1161,06/12/2022 16:20:00,27.80,838.08,,,,
1162,06/12/2022 16:21:00,27.75,935.36,,,,
1163,06/12/2022 16:22:00,27.75,866.56,,,,
1164,06/12/2022 16:23:00,27.75,741.12,,,,
1165,06/12/2022 16:24:00,27.71,949.12,,,,
1166,06/12/2022 16:25:00,27.75,906.88,,,,
1167,06/12/2022 16:26:00,27.71,794.24,,,,
1168,06/12/2022 16:27:00,27.75,853.44,,,,
1169,06/12/2022 16:28:00,27.71,1219.20,,,,
1170,06/12/2022 16:29:00,27.75,1233.92,,,,
1171,06/12/2022 16:30:00,27.71,1050.56,,,,
1172,06/12/2022 16:31:00,27.67,597.44,,,,
1173,06/12/2022 16:32:00,27.67,636.80,,,,
1174,06/12/2022 16:33:00,27.67,854.08,,,,
1175,06/12/2022 16:34:00,27.67,1082.24,,,,
1176,06/12/2022 16:35:00,27.67,1023.68,,,,
1177,06/12/2022 16:36:00,27.67,766.72,,,,
1178,06/12/2022 16:37:00,27.63,932.80,,,,
1179,06/12/2022 16:38:00,27.67,1025.28,,,,
1180,06/12/2022 16:39:00,27.67,955.52,,,,
1181,06/12/2022 16:40:00,27.63,834.88,,,,
1182,06/12/2022 16:41:00,27.63,1043.20,,,,
1183,06/12/2022 16:42:00,27.67,1554.56,,,,
1184,06/12/2022 16:43:00,27.67,5990.40,,,,
1185,06/12/2022 16:44:00,27.71,6085.12,,,,
1186,06/12/2022 16:45:00,27.71,1246.08,,,,
1187,06/12/2022 16:46:00,27.67,857.60,,,,
1188,06/12/2022 16:47:00,27.63,1134.08,,,,
1189,06/12/2022 16:48:00,27.67,1241.92,,,,
1190,06/12/2022 16:49:00,27.67,3102.72,,,,
1191,06/12/2022 16:50:00,27.75,2773.76,,,,
1192,06/12/2022 16:51:00,27.71,2749.44,,,,
1193,06/12/2022 16:52:00,27.67,1568.00,,,,
1194,06/12/2022 16:53:00,27.67,857.60,,,,
1195,06/12/2022 16:54:00,27.63,1788.16,,,,
1196,06/12/2022 16:55:00,27.63,1027.20,,,,
1197,06/12/2022 16:56:00,27.63,1096.00,,,,
1198,06/12/2022 16:57:00,27.58,732.16,,,,
1199,06/12/2022 16:58:00,27.63,778.88,,,,
1200,06/12/2022 16:59:00,27.63,763.20,,,,
1201,06/12/2022 17:00:00,27.58,1052.16,,,,
1202,06/12/2022 17:01:00,27.58,704.64,,,,
1203,06/12/2022 17:02:00,27.58,784.32,,,,
1204,06/12/2022 17:03:00,27.54,582.08,,,,
1205,06/12/2022 17:04:00,27.54,625.44,,,,
1206,06/12/2022 17:05:00,27.50,652.32,,,,
1207,06/12/2022 17:06:00,27.54,795.84,,,,
1208,06/12/2022 17:07:00,27.54,688.96,,,,
1209,06/12/2022 17:08:00,27.54,760.96,,,,
1210,06/12/2022 17:09:00,27.50,580.48,,,,
1211,06/12/2022 17:10:00,27.58,646.56,,,,
1212,06/12/2022 17:11:00,27.54,580.48,,,,
1213,06/12/2022 17:12:00,27.50,513.60,,,,
1214,06/12/2022 17:13:00,27.50,460.80,,,,
1215,06/12/2022 17:14:00,27.50,476.16,,,,
1216,06/12/2022 17:15:00,27.50,666.88,,,,
1217,06/12/2022 17:16:00,27.50,896.32,,,,
1218,06/12/2022 17:17:00,27.45,664.32,,,,
1219,06/12/2022 17:18:00,27.45,611.68,,,,
1220,06/12/2022 17:19:00,27.45,773.12,,,,
1221,06/12/2022 17:20:00,27.45,666.88,,,,
1222,06/12/2022 17:21:00,27.45,577.28,,,,
1223,06/12/2022 17:22:00,27.45,531.04,,,,
1224,06/12/2022 17:23:00,27.50,604.48,,,,
1225,06/12/2022 17:24:00,27.45,719.04,,,,
1226,06/12/2022 17:25:00,27.41,547.20,,,,
1227,06/12/2022 17:26:00,27.41,504.64,,,,
1228,06/12/2022 17:27:00,27.45,417.44,,,,
1229,06/12/2022 17:28:00,27.45,508.64,,,,
1230,06/12/2022 17:29:00,27.41,731.20,,,,
1231,06/12/2022 17:30:00,27.45,519.68,,,,
1232,06/12/2022 17:31:00,27.41,379.20,,,,
1233,06/12/2022 17:32:00,27.45,349.76,,,,
1234,06/12/2022 17:33:00,27.41,415.68,,,,
1235,06/12/2022 17:34:00,27.41,491.68,,,,
1236,06/12/2022 17:35:00,27.37,353.12,,,,
1237,06/12/2022 17:36:00,27.37,338.40,,,,
1238,06/12/2022 17:37:00,27.37,473.76,,,,
1239,06/12/2022 17:38:00,27.37,619.84,,,,
1240,06/12/2022 17:39:00,27.37,538.24,,,,
1241,06/12/2022 17:40:00,27.41,611.68,,,,
1242,06/12/2022 17:41:00,27.37,669.76,,,,
1243,06/12/2022 17:42:00,27.37,389.76,,,,
1244,06/12/2022 17:43:00,27.37,459.20,,,,
1245,06/12/2022 17:44:00,27.37,2216.32,,,,
1246,06/12/2022 17:45:00,27.41,1856.00,,,,
1247,06/12/2022 17:46:00,27.41,2819.84,,,,
1248,06/12/2022 17:47:00,27.45,2504.96,,,,
1249,06/12/2022 17:48:00,27.45,1205.44,,,,
1250,06/12/2022 17:49:00,27.45,1997.44,,,,
1251,06/12/2022 17:50:00,27.50,2209.92,,,,
1252,06/12/2022 17:51:00,27.41,1982.72,,,,
1253,06/12/2022 17:52:00,27.50,1916.16,,,,
1254,06/12/2022 17:53:00,27.45,1431.04,,,,
1255,06/12/2022 17:54:00,27.41,1688.96,,,,
1256,06/12/2022 17:55:00,27.45,2552.32,,,,
1257,06/12/2022 17:56:00,27.50,2315.52,,,,
1258,06/12/2022 17:57:00,27.45,1315.84,,,,
1259,06/12/2022 17:58:00,27.41,1520.00,,,,
1260,06/12/2022 17:59:00,27.41,3185.92,,,,
1261,06/12/2022 18:00:00,27.45,1989.12,,,,
1262,06/12/2022 18:01:00,27.50,2354.56,,,,
1263,06/12/2022 18:02:00,27.45,1729.28,,,,
1264,06/12/2022 18:03:00,27.41,2320.00,,,,
1265,06/12/2022 18:04:00,27.41,2679.04,,,,
1266,06/12/2022 18:05:00,27.41,1980.80,,,,
1267,06/12/2022 18:06:00,27.45,2167.68,,,,
1268,06/12/2022 18:07:00,27.41,2250.24,,,,
1269,06/12/2022 18:08:00,27.41,2409.60,,,,
1270,06/12/2022 18:09:00,27.41,2526.08,,,,
1271,06/12/2022 18:10:00,27.45,2495.36,,,,
1272,06/12/2022 18:11:00,27.45,2091.52,,,,
1273,06/12/2022 18:12:00,27.41,1622.40,,,,
1274,06/12/2022 18:13:00,27.37,1118.72,,,,
1275,06/12/2022 18:14:00,27.37,1439.36,,,,
1276,06/12/2022 18:15:00,27.37,1974.40,,,,
1277,06/12/2022 18:16:00,27.41,1355.52,,,,
1278,06/12/2022 18:17:00,27.41,1840.00,,,,
1279,06/12/2022 18:18:00,27.37,1736.32,,,,
1280,06/12/2022 18:19:00,27.41,1066.88,,,,
1281,06/12/2022 18:20:00,27.41,967.04,,,,
1282,06/12/2022 18:21:00,27.37,813.76,,,,
1283,06/12/2022 18:22:00,27.32,1050.56,,,,
1284,06/12/2022 18:23:00,27.32,1695.36,,,,
1285,06/12/2022 18:24:00,27.37,1606.40,,,,
1286,06/12/2022 18:25:00,27.37,1737.60,,,,
1287,06/12/2022 18:25:42,,,Logged,Logged,,
1288,06/12/2022 18:25:46,,,,,Logged,Logged
